filename,psnr
4.png,3.8751192392460663
7.png,8.444935024503291
11.png,12.212358033550888
2.png,9.528739640319255
3.png,8.102180400314523
1.png,7.662063053723628
15.png,10.867288846661147
10.png,10.46695038802781
14.png,9.587167850040306
5.png,6.985238756430111
6.png,9.835337445856844
17.png,12.190050960362434
9.png,8.414644895666962
18.png,8.055369426717995
8.png,13.034610925232633
13.png,7.570483227097022
16.png,10.592903113668381
12.png,8.620802582504796
