filename,psnr
4.png,3.8182452900635093
7.png,8.395271640852792
11.png,12.168995857662718
2.png,9.459770688658896
3.png,7.969079108017485
1.png,7.58143794936827
15.png,10.836732162116824
10.png,10.424694416842243
14.png,9.563749337492315
5.png,6.954664032614504
6.png,9.803583895291256
17.png,12.118583176351283
9.png,8.3670379102611
18.png,7.963254870884901
8.png,12.865472628357981
13.png,7.55785070194664
16.png,10.487697268369104
12.png,8.582149683442589
